id,name,password,image,contact,admin_id
1000,s0,12,http://localhost:8081/upload/20240611_11501346.jpg,15012347890,10
1001,s1,12,https://tse1-mm.cn.bing.net/th/id/OIP-C.j45C-C_fehunTMVtVB0XbgHaQC?w=115&h=180&c=7&r=0&o=5&dpr=2&pid=1.7,1567011188,10
1002,s2,12,https://tse1-mm.cn.bing.net/th/id/OIP-C.j45C-C_fehunTMVtVB0XbgHaQC?w=115&h=180&c=7&r=0&o=5&dpr=2&pid=1.7,1567011188,10
1003,s3,12,https://tse1-mm.cn.bing.net/th/id/OIP-C.j45C-C_fehunTMVtVB0XbgHaQC?w=115&h=180&c=7&r=0&o=5&dpr=2&pid=1.7,1567011188,10
1004,s4,12,https://tse1-mm.cn.bing.net/th/id/OIP-C.j45C-C_fehunTMVtVB0XbgHaQC?w=115&h=180&c=7&r=0&o=5&dpr=2&pid=1.7,1567011188,10
1005,s5,12,https://tse1-mm.cn.bing.net/th/id/OIP-C.j45C-C_fehunTMVtVB0XbgHaQC?w=115&h=180&c=7&r=0&o=5&dpr=2&pid=1.7,1567011188,10
1006,s6,12,https://tse1-mm.cn.bing.net/th/id/OIP-C.j45C-C_fehunTMVtVB0XbgHaQC?w=115&h=180&c=7&r=0&o=5&dpr=2&pid=1.7,1567011188,10
1007,s7,12,https://tse1-mm.cn.bing.net/th/id/OIP-C.j45C-C_fehunTMVtVB0XbgHaQC?w=115&h=180&c=7&r=0&o=5&dpr=2&pid=1.7,1567011188,10
1010,s10,12,https://tse1-mm.cn.bing.net/th/id/OIP-C.j45C-C_fehunTMVtVB0XbgHaQC?w=115&h=180&c=7&r=0&o=5&dpr=2&pid=1.7,1567011188,10
1011,s11,12,https://tse1-mm.cn.bing.net/th/id/OIP-C.j45C-C_fehunTMVtVB0XbgHaQC?w=115&h=180&c=7&r=0&o=5&dpr=2&pid=1.7,1567011188,10
1012,s12,12,https://tse1-mm.cn.bing.net/th/id/OIP-C.j45C-C_fehunTMVtVB0XbgHaQC?w=115&h=180&c=7&r=0&o=5&dpr=2&pid=1.7,1567011188,10
1013,s13,12,https://tse1-mm.cn.bing.net/th/id/OIP-C.j45C-C_fehunTMVtVB0XbgHaQC?w=115&h=180&c=7&r=0&o=5&dpr=2&pid=1.7,1567011188,10
1014,s14,12,https://tse1-mm.cn.bing.net/th/id/OIP-C.j45C-C_fehunTMVtVB0XbgHaQC?w=115&h=180&c=7&r=0&o=5&dpr=2&pid=1.7,1567011188,10
1015,s15,12,https://tse1-mm.cn.bing.net/th/id/OIP-C.j45C-C_fehunTMVtVB0XbgHaQC?w=115&h=180&c=7&r=0&o=5&dpr=2&pid=1.7,1567011188,10
1016,s16,12,https://tse1-mm.cn.bing.net/th/id/OIP-C.j45C-C_fehunTMVtVB0XbgHaQC?w=115&h=180&c=7&r=0&o=5&dpr=2&pid=1.7,1567011188,10
1017,s17,12,https://tse1-mm.cn.bing.net/th/id/OIP-C.j45C-C_fehunTMVtVB0XbgHaQC?w=115&h=180&c=7&r=0&o=5&dpr=2&pid=1.7,1567011188,10
1018,s18,12,https://tse1-mm.cn.bing.net/th/id/OIP-C.j45C-C_fehunTMVtVB0XbgHaQC?w=115&h=180&c=7&r=0&o=5&dpr=2&pid=1.7,1567011188,10
1019,s19,12,https://tse1-mm.cn.bing.net/th/id/OIP-C.j45C-C_fehunTMVtVB0XbgHaQC?w=115&h=180&c=7&r=0&o=5&dpr=2&pid=1.7,1567011188,10
1020,s20,12,https://tse2-mm.cn.bing.net/th/id/OIP-C.iiKBUCXX6dB8yCrjhfxN-QAAAA?w=195&h=195&c=7&r=0&o=5&dpr=2&pid=1.7,1567011188,11
1021,s21,12,https://tse2-mm.cn.bing.net/th/id/OIP-C.iiKBUCXX6dB8yCrjhfxN-QAAAA?w=195&h=195&c=7&r=0&o=5&dpr=2&pid=1.7,1567011188,11
1022,s22,12,https://tse2-mm.cn.bing.net/th/id/OIP-C.iiKBUCXX6dB8yCrjhfxN-QAAAA?w=195&h=195&c=7&r=0&o=5&dpr=2&pid=1.7,1567011188,11
1023,s23,12,https://tse2-mm.cn.bing.net/th/id/OIP-C.iiKBUCXX6dB8yCrjhfxN-QAAAA?w=195&h=195&c=7&r=0&o=5&dpr=2&pid=1.7,1567011188,11
1024,s24,12,https://tse2-mm.cn.bing.net/th/id/OIP-C.iiKBUCXX6dB8yCrjhfxN-QAAAA?w=195&h=195&c=7&r=0&o=5&dpr=2&pid=1.7,1567011188,11
1025,s25,12,https://tse2-mm.cn.bing.net/th/id/OIP-C.iiKBUCXX6dB8yCrjhfxN-QAAAA?w=195&h=195&c=7&r=0&o=5&dpr=2&pid=1.7,1567011188,11
1026,s26,12,https://tse2-mm.cn.bing.net/th/id/OIP-C.iiKBUCXX6dB8yCrjhfxN-QAAAA?w=195&h=195&c=7&r=0&o=5&dpr=2&pid=1.7,1567011188,11
1027,s27,12,https://tse2-mm.cn.bing.net/th/id/OIP-C.iiKBUCXX6dB8yCrjhfxN-QAAAA?w=195&h=195&c=7&r=0&o=5&dpr=2&pid=1.7,1567011188,11
1028,s28,12,https://tse2-mm.cn.bing.net/th/id/OIP-C.iiKBUCXX6dB8yCrjhfxN-QAAAA?w=195&h=195&c=7&r=0&o=5&dpr=2&pid=1.7,1567011188,11
1029,s29,12,https://tse2-mm.cn.bing.net/th/id/OIP-C.iiKBUCXX6dB8yCrjhfxN-QAAAA?w=195&h=195&c=7&r=0&o=5&dpr=2&pid=1.7,1567011188,11
1030,s30,12,https://tse2-mm.cn.bing.net/th/id/OIP-C.iiKBUCXX6dB8yCrjhfxN-QAAAA?w=195&h=195&c=7&r=0&o=5&dpr=2&pid=1.7,1567011188,11
1031,s31,12,https://tse2-mm.cn.bing.net/th/id/OIP-C.iiKBUCXX6dB8yCrjhfxN-QAAAA?w=195&h=195&c=7&r=0&o=5&dpr=2&pid=1.7,1567011188,11
1032,s32,12,https://tse2-mm.cn.bing.net/th/id/OIP-C.iiKBUCXX6dB8yCrjhfxN-QAAAA?w=195&h=195&c=7&r=0&o=5&dpr=2&pid=1.7,1567011188,11
1033,s33,12,https://tse2-mm.cn.bing.net/th/id/OIP-C.iiKBUCXX6dB8yCrjhfxN-QAAAA?w=195&h=195&c=7&r=0&o=5&dpr=2&pid=1.7,1567011188,11
1034,s34,12,https://tse2-mm.cn.bing.net/th/id/OIP-C.iiKBUCXX6dB8yCrjhfxN-QAAAA?w=195&h=195&c=7&r=0&o=5&dpr=2&pid=1.7,1567011188,11
1035,s35,12,https://tse2-mm.cn.bing.net/th/id/OIP-C.iiKBUCXX6dB8yCrjhfxN-QAAAA?w=195&h=195&c=7&r=0&o=5&dpr=2&pid=1.7,1567011188,11
1036,s36,12,https://tse2-mm.cn.bing.net/th/id/OIP-C.iiKBUCXX6dB8yCrjhfxN-QAAAA?w=195&h=195&c=7&r=0&o=5&dpr=2&pid=1.7,1567011188,11
1037,s37,12,https://tse2-mm.cn.bing.net/th/id/OIP-C.iiKBUCXX6dB8yCrjhfxN-QAAAA?w=195&h=195&c=7&r=0&o=5&dpr=2&pid=1.7,1567011188,11
1038,s38,12,https://tse2-mm.cn.bing.net/th/id/OIP-C.iiKBUCXX6dB8yCrjhfxN-QAAAA?w=195&h=195&c=7&r=0&o=5&dpr=2&pid=1.7,1567011188,11
1039,s39,12,https://tse2-mm.cn.bing.net/th/id/OIP-C.iiKBUCXX6dB8yCrjhfxN-QAAAA?w=195&h=195&c=7&r=0&o=5&dpr=2&pid=1.7,1567011188,11
1040,s40,12,https://tse2-mm.cn.bing.net/th/id/OIP-C.iiKBUCXX6dB8yCrjhfxN-QAAAA?w=195&h=195&c=7&r=0&o=5&dpr=2&pid=1.7,1567011188,11
1041,s41,12,https://tse2-mm.cn.bing.net/th/id/OIP-C.iiKBUCXX6dB8yCrjhfxN-QAAAA?w=195&h=195&c=7&r=0&o=5&dpr=2&pid=1.7,1567011188,11
1042,s42,12,https://tse2-mm.cn.bing.net/th/id/OIP-C.iiKBUCXX6dB8yCrjhfxN-QAAAA?w=195&h=195&c=7&r=0&o=5&dpr=2&pid=1.7,1567011188,11
